{
  "height": 43,
  "width": 87,
  "x": 1792.90625,
  "y": 797.21875
}