{
  "height": 48,
  "width": 90,
  "x": 877.53125,
  "y": 212.84375
}